City_ID,City,Lat,Lng,Max Temp,Humidity,Cloudiness,Wind Speed,Country,Date
0,yellowknife,62.456,-114.3525,-3.71,100,100,8.75,CA,1706557211
1,shimoda,34.6667,138.95,3.95,69,3,4.32,JP,1706557211
2,lehliu-gara,44.4333,26.85,2.01,80,23,4.77,RO,1706557212
3,mount gambier,-37.8333,140.7667,11.25,93,8,2.35,AU,1706557212
4,edinburgh of the seven seas,-37.0676,-12.3116,16.59,71,41,9.34,SH,1706557212
5,piti village,13.4626,144.6933,25.17,79,0,5.66,GU,1706557212
6,tevriz,57.509,72.4042,-14.77,98,100,0.61,RU,1706557212
7,kodiak,57.79,-152.4072,-13.27,66,0,5.14,US,1706557212
8,la'ie,21.6477,-157.9253,26.98,75,19,1.79,US,1706556955
9,puerto natales,-51.7236,-72.4875,18.25,52,40,7.72,CL,1706557213
10,boyolangu,-8.1181,111.8935,24.66,89,100,0.33,ID,1706557213
11,adamstown,-25.066,-130.1015,24.58,77,100,5.07,PN,1706557213
12,haiku-pauwela,20.9219,-156.3051,26.13,74,40,9.26,US,1706557213
13,dongola,19.1667,30.4833,16.43,27,8,5.18,SD,1706557213
14,hotan,37.0997,79.9269,-1.16,46,100,0.97,CN,1706557213
15,grytviken,-54.2811,-36.5092,8.69,61,89,4.12,GS,1706557213
16,uturoa,-16.7333,-151.4333,28.4,77,100,2.49,PF,1706557214
17,valdivia,-39.8142,-73.2459,26.05,28,21,2.69,CL,1706557214
18,isangel,-19.55,169.2667,25.01,72,95,3.4,VU,1706557214
19,okondja,-0.6549,13.6753,28.53,55,89,1.64,GA,1706557214
20,ushuaia,-54.8,-68.3,13.79,50,0,10.8,AR,1706556956
21,longyearbyen,78.2186,15.6401,-3.09,86,75,8.23,SJ,1706557214
22,karasburg,-28.0167,18.75,22.77,24,100,7.85,NA,1706556957
23,port-aux-francais,-49.35,70.2167,3.89,71,99,16.63,TF,1706557215
24,waitangi,-43.9535,-176.5597,17.12,98,49,1.34,NZ,1706557215
25,revda,56.801,59.9303,-12.58,95,92,2.36,RU,1706557215
26,paranaiba,-19.6772,-51.1908,36.39,17,20,2.4,BR,1706557215
27,albany,42.6001,-73.9662,1.56,80,100,2.52,US,1706556957
28,isafjordur,66.0755,-23.124,-0.53,58,63,12.85,IS,1706557216
29,badger,64.8,-147.5333,-24.37,71,100,0.0,US,1706557216
30,arraial do cabo,-22.9661,-42.0278,27.98,78,40,3.6,BR,1706557166
31,kailua-kona,19.6406,-155.9956,26.39,81,40,7.2,US,1706557216
32,olonkinbyen,70.9221,-8.7187,-5.74,55,100,3.69,SJ,1706557217
33,maceio,-9.6658,-35.7353,30.69,66,40,7.2,BR,1706556959
34,beira,-19.8436,34.8389,26.05,83,0,3.6,MZ,1706557217
35,monterey,36.2505,-121.2516,22.32,45,21,2.04,US,1706557091
36,segezha,63.7415,34.3222,1.1,82,75,7.93,RU,1706557217
37,puerto armuelles,8.2833,-82.8667,34.99,64,100,1.34,PA,1706557062
38,yuzhno-kurilsk,44.0306,145.8556,-2.57,83,79,1.56,RU,1706557218
39,qaqortoq,60.7167,-46.0333,-23.82,77,11,2.75,GL,1706557218
40,santa cruz,-17.8,-63.1667,30.7,58,75,6.69,BO,1706557113
41,blackmans bay,-43.0167,147.3167,9.74,83,1,0.89,AU,1706557219
42,bethel,41.3712,-73.414,2.9,74,100,5.14,US,1706557219
43,summit park,40.7458,-111.6116,7.76,64,47,1.34,US,1706557219
44,dudinka,69.4058,86.1778,-15.18,83,100,8.05,RU,1706557219
45,chonchi,-42.6128,-73.8092,20.56,43,98,0.98,CL,1706557220
46,new norfolk,-42.7826,147.0587,10.4,92,7,1.38,AU,1706557220
47,kruisfontein,-34.0033,24.7314,21.05,86,99,5.12,ZA,1706556962
48,san antonio de pale,-1.4014,5.6325,27.58,81,87,3.23,GQ,1706557220
49,lihue,21.9789,-159.3672,23.77,85,40,7.2,US,1706556962
50,margaret river,-33.95,115.0667,11.59,89,4,4.49,AU,1706557008
51,arno,60.1167,18.6333,2.66,98,100,1.69,SE,1706557221
52,college,64.8569,-147.8028,-24.33,64,100,0.0,US,1706557221
53,burang,30.25,81.1667,-9.17,80,44,1.57,CN,1706556963
54,santana,-0.0583,-51.1817,31.1,70,75,5.14,BR,1706557221
55,hamilton,39.1834,-84.5333,3.11,81,100,3.09,US,1706556786
56,kisangani,0.5167,25.2,27.04,42,100,0.86,CD,1706556964
57,novodvinsk,64.4165,40.8122,1.86,92,100,5.93,RU,1706557222
58,fada,9.5667,8.3,23.48,20,34,2.7,NG,1706557222
59,georgetown,5.4112,100.3354,27.75,88,20,4.12,MY,1706557222
60,port mathurin,-19.6833,63.4167,27.6,82,99,9.81,MU,1706557222
61,ust-nera,64.5667,143.2,-36.76,97,99,1.95,RU,1706557223
62,iqaluit,63.7506,-68.5145,-30.73,67,100,0.0,CA,1706557223
63,margate,51.3813,1.3862,11.04,84,100,4.02,GB,1706557223
64,cam ranh,11.9214,109.1591,24.98,69,40,4.63,VN,1706556966
65,vorgashor,67.5833,63.95,-16.76,93,65,4.46,RU,1706557223
66,utrik,11.2278,169.8474,26.03,69,100,5.36,MH,1706557224
67,remire-montjoly,4.9167,-52.2667,25.02,94,75,5.66,GF,1706556966
68,stanley,54.868,-1.6985,5.77,95,75,6.69,GB,1706557224
69,touros,-5.1989,-35.4608,28.41,71,13,6.31,BR,1706556967
70,la foa,-21.7108,165.8276,25.36,73,25,1.15,NC,1706557224
71,cururupu,-1.8283,-44.8683,28.17,74,100,2.3,BR,1706556967
72,fort bragg,35.139,-79.006,15.08,41,0,5.66,US,1706557022
73,hasaki,35.7333,140.8333,4.05,51,51,2.02,JP,1706557225
74,aasiaat,68.7098,-52.8699,-27.37,97,100,1.17,GL,1706556968
75,whitehorse,60.7161,-135.0538,4.43,81,75,10.8,CA,1706557225
76,ilulissat,69.2167,-51.1,-21.99,71,75,2.06,GL,1706557226
77,timbuktu,16.7735,-3.0074,23.35,12,0,4.67,ML,1706556968
78,kendari,-3.945,122.4989,24.43,93,66,1.25,ID,1706557226
79,ayr,55.4627,-4.6339,5.17,81,75,2.06,GB,1706556969
80,udachny,66.4167,112.4,-21.42,76,100,0.95,RU,1706557226
81,pisco,-13.7,-76.2167,31.03,51,0,5.66,PE,1706557226
82,bubaque,11.2833,-15.8333,26.35,63,59,5.36,GW,1706557227
83,kumcati,37.4657,42.2836,3.78,87,99,1.64,TR,1706556969
84,vigan,17.5747,120.3869,20.46,72,96,3.1,PH,1706557227
85,tiksi,71.6872,128.8694,-26.58,98,88,3.33,RU,1706556970
86,tralee,52.2704,-9.7026,3.86,77,7,2.66,IE,1706557227
87,hermanus,-34.4187,19.2345,22.11,74,97,8.73,ZA,1706557228
88,cuamba,-14.8031,36.5372,21.18,81,23,1.97,MZ,1706557228
89,thinadhoo,0.5333,72.9333,28.02,76,17,5.38,MV,1706557228
90,tavrichanka,43.3378,131.8639,-19.08,85,8,2.45,RU,1706557229
91,molochnoye,59.2917,39.6787,0.18,92,100,6.71,RU,1706557229
92,talnakh,69.4865,88.3972,-16.55,91,100,3.94,RU,1706557229
93,karystos,38.0133,24.4161,9.12,61,100,9.02,GR,1706556971
94,saint-joseph,-21.3667,55.6167,24.21,87,33,4.04,RE,1706556971
95,essaouira,31.5125,-9.77,20.72,34,5,0.51,MA,1706557230
96,siocon,7.7061,122.1353,25.02,85,100,3.84,PH,1706557230
97,bhadrakh,21.0528,86.52,17.38,69,70,1.23,IN,1706557230
98,alofi,-19.0595,-169.9187,27.94,83,100,2.57,NU,1706557231
99,naze,28.3667,129.4833,8.51,65,46,2.53,JP,1706556972
100,sitka,57.0531,-135.33,9.94,71,100,18.52,US,1706557231
101,hawaiian paradise park,19.5933,-154.9731,28.83,66,0,1.54,US,1706557231
102,aldan,58.6031,125.3894,-31.86,98,100,0.68,RU,1706557232
103,burhar,23.2167,81.5333,14.56,39,64,0.4,IN,1706557232
104,changsha,28.2,112.9667,7.09,92,84,1.2,CN,1706557232
105,west island,-12.1568,96.8225,24.99,78,28,2.06,CC,1706557232
106,shalqar,47.8333,59.6,-12.84,93,99,4.87,KZ,1706557232
107,miranda,3.2499,-76.2281,32.07,54,99,1.17,CO,1706557233
108,san pedro pochutla,15.7333,-96.4667,30.84,38,0,4.07,MX,1706557233
109,khombole,14.7667,-16.7,27.45,24,99,5.47,SN,1706557233
110,kirklareli,41.7351,27.2252,-0.25,81,64,10.4,TR,1706556974
111,rio grande,-32.035,-52.0986,27.06,71,51,5.16,BR,1706556975
112,selfoss,63.9331,-20.9971,1.14,85,100,13.03,IS,1706557233
113,arteche,12.2645,125.4048,24.7,88,100,6.5,PH,1706557233
114,qamdo,31.1667,97.2333,-10.48,43,7,1.86,CN,1706556975
115,al wakrah,24.85,51.3333,20.05,50,100,2.76,QA,1706557234
116,avarua,-21.2078,-159.775,26.03,100,75,3.6,CK,1706557234
117,errachidia,31.9275,-4.4285,16.03,18,0,3.09,MA,1706556976
118,vila franca do campo,37.7167,-25.4333,18.27,99,78,8.12,PT,1706557234
119,la passe,45.5549,-0.8967,12.21,88,100,5.11,FR,1706557234
120,vadso,70.0744,29.7487,2.49,69,33,16.98,NO,1706557235
121,vila velha,-20.3297,-40.2925,30.97,79,20,9.26,BR,1706557058
122,ribeira grande,38.5167,-28.7,17.22,88,40,8.75,PT,1706557235
123,puerto ayora,-0.7393,-90.3518,31.98,75,100,5.05,EC,1706557235
124,bouznika,33.7894,-7.1597,17.98,67,20,2.57,MA,1706557235
125,lebu,-37.6167,-73.65,17.91,61,55,5.38,CL,1706557236
126,al hudaydah,14.7978,42.9545,25.61,82,51,4.74,YE,1706557236
127,hun,29.1268,15.9477,11.51,53,8,4.07,LY,1706557236
128,nadi,-17.8,177.4167,25.0,88,75,2.06,FJ,1706556978
129,saudarkrokur,65.7461,-19.6394,2.02,75,100,11.29,IS,1706556978
130,jamestown,42.097,-79.2353,1.77,98,100,4.63,US,1706556978
131,tofol,5.3248,163.0078,27.41,72,100,5.55,FM,1706556978
132,kingston,17.997,-76.7936,30.13,65,20,6.17,JM,1706557237
133,ndele,8.4109,20.6473,25.06,19,60,1.98,CF,1706557237
134,saint-gaudens,43.0833,0.6667,9.46,68,100,1.81,FR,1706556978
135,myshkin,57.7897,38.4545,-1.62,87,100,6.31,RU,1706557237
136,mhamid,29.82,-5.72,17.51,18,9,3.53,MA,1706557237
137,kargasok,59.0556,80.8572,-20.58,100,84,2.68,RU,1706557237
138,kapuskasing,49.4169,-82.4331,0.0,86,100,5.14,CA,1706557238
139,paka,4.6374,103.4368,24.99,94,86,1.54,MY,1706557238
140,coquimbo,-29.9533,-71.3436,19.85,82,75,5.66,CL,1706557238
141,mao,39.8885,4.2658,12.31,87,20,3.09,ES,1706556980
142,dawson creek,55.7666,-120.2362,13.8,44,0,5.14,CA,1706557043
143,talakan,50.3167,130.3667,-28.62,100,100,0.54,RU,1706557238
144,salalah,17.0151,54.0924,25.05,69,0,2.06,OM,1706556980
145,zouerate,22.7187,-12.4521,20.62,12,0,4.19,MR,1706557239
146,shani,10.2162,12.062,26.39,16,1,2.91,NG,1706557239
147,camana,-16.6228,-72.7111,25.38,74,32,3.82,PE,1706557239
148,iskateley,67.6803,53.1512,-4.99,91,100,11.62,RU,1706557239
149,puerto aysen,-45.4,-72.7,19.88,54,99,1.8,CL,1706556981
150,kavaratti,10.5669,72.642,27.74,64,52,2.72,IN,1706557239
151,iranshahr,27.2025,60.6848,17.19,45,0,0.0,IR,1706557239
152,ilhabela,-23.7781,-45.3581,25.34,82,37,2.35,BR,1706557239
153,chenaran,36.6455,59.1212,1.36,90,98,1.17,IR,1706556982
154,pangody,65.85,74.4859,-20.98,95,46,4.19,RU,1706557240
155,papatowai,-46.5619,169.4708,16.18,69,100,2.05,NZ,1706557240
156,lucenec,48.3325,19.6671,0.33,86,8,0.27,SK,1706556982
157,rengasdengklok,-6.1592,107.2981,25.18,90,100,2.29,ID,1706557240
158,port alfred,-33.5906,26.891,26.01,78,57,0.73,ZA,1706557240
159,ponta delgada,37.7333,-25.6667,18.44,82,20,9.26,PT,1706557240
160,verkhnevilyuysk,63.4453,120.3167,-37.01,99,81,1.65,RU,1706557240
161,shymkent,42.3,69.6,0.33,93,100,6.0,KZ,1706557212
162,ngambe,4.2333,10.6167,23.69,80,43,1.29,CM,1706557241
163,okhotsk,59.3833,143.3,-25.79,81,6,3.65,RU,1706557241
164,punta arenas,-53.15,-70.9167,16.06,39,0,8.75,CL,1706556983
165,luderitz,-26.6481,15.1594,18.55,74,99,3.3,NA,1706557241
166,navojoa,27.1,-109.4333,31.74,12,88,2.37,MX,1706557010
167,xilin hot,43.9667,116.0333,-21.14,99,100,0.52,CN,1706556984
168,inirida,3.8653,-67.9239,32.05,51,99,1.02,CO,1706557241
169,tura,25.5198,90.2201,12.47,61,0,1.35,IN,1706557242
170,skelleftea,64.7507,20.9528,4.44,78,4,9.26,SE,1706557242
171,port lincoln,-34.7333,135.8667,17.05,85,77,4.94,AU,1706557242
172,markovo,57.3206,107.0881,-37.18,100,36,0.46,RU,1706557242
173,nuuk,64.1835,-51.7216,-16.66,60,40,8.23,GL,1706557242
174,bilibino,68.0546,166.4372,-32.51,99,100,1.05,RU,1706556985
175,urumqi,43.801,87.6005,-20.47,92,40,1.0,CN,1706557243
176,urucara,-2.5364,-57.76,34.19,44,92,0.68,BR,1706557243
177,saguenay,48.4168,-71.0657,-3.84,72,75,2.06,CA,1706556986
178,trairi,-3.2778,-39.2689,28.94,70,94,6.28,BR,1706557184
179,khovd,48.0056,91.6419,-21.64,90,28,0.81,MN,1706557243
180,invercargill,-46.4,168.35,15.01,88,61,1.79,NZ,1706557244
181,stephenville,32.2207,-98.2023,21.77,32,0,3.6,US,1706557172
182,plastun,44.7561,136.2939,-14.84,84,4,3.38,RU,1706557244
183,sanya,18.2431,109.505,20.09,88,0,2.0,CN,1706557244
184,alegria,9.4669,125.5772,24.6,94,100,3.99,PH,1706557244
185,elko,41.0002,-115.5012,6.47,86,23,2.24,US,1706557244
186,afaahiti,-17.75,-149.2833,28.93,78,99,1.45,PF,1706557244
187,palmer,42.1584,-72.3287,1.75,78,100,5.14,US,1706557245
188,yashkino,55.8736,85.4265,-21.98,99,100,1.6,RU,1706557245
189,launceston,-41.45,147.1667,12.67,66,75,3.09,AU,1706557221
190,minas de marcona,-15.2119,-75.1103,24.26,59,55,7.51,PE,1706557245
191,bati,11.1833,40.0167,18.4,81,100,1.74,ET,1706557245
192,hushitai,41.9322,123.5114,-14.05,96,11,1.71,CN,1706557245
193,keflavik,64.0049,-22.5624,0.95,80,75,10.8,IS,1706557246
194,pervomayskiy,53.2485,40.2871,-7.55,93,100,4.41,RU,1706557246
195,sinabang,2.4803,96.3801,26.36,83,38,1.39,ID,1706557246
196,pursat,12.3333,103.6667,22.95,66,100,0.71,KH,1706556989
197,mahalapye,-23.1041,26.8142,23.59,61,45,3.7,BW,1706557246
198,kamyshlov,56.8428,62.7111,-17.59,99,77,2.09,RU,1706557246
199,nema,57.5067,50.5011,-5.76,96,100,3.5,RU,1706557246
200,chibougamau,49.9168,-74.3659,-11.21,62,0,1.54,CA,1706556989
201,port saint john's,-31.6229,29.5448,25.11,90,100,6.37,ZA,1706556990
202,kidal,18.4411,1.4078,21.15,14,15,5.03,ML,1706557247
203,carnarvon,-24.8667,113.6333,23.13,77,0,9.47,AU,1706557247
204,natal,-5.795,-35.2094,30.36,70,40,5.66,BR,1706556967
205,alice springs,-23.7,133.8833,26.23,21,99,0.0,AU,1706556990
206,burgersdorp,-30.9977,26.3286,27.55,26,97,1.73,ZA,1706557247
207,pacora,9.0833,-79.2833,33.99,43,40,7.2,PA,1706557247
208,petropavlovsk-kamchatsky,53.0452,158.6483,-15.3,93,0,5.0,RU,1706557247
209,sambava,-14.2667,50.1667,24.27,91,97,2.66,MG,1706557248
210,beauvais,49.4167,2.0,10.91,88,0,2.57,FR,1706557248
211,tsiombe,-25.3,45.4833,22.73,81,15,7.01,MG,1706556991
212,barranca,-10.75,-77.7667,25.9,70,97,4.71,PE,1706557248
213,sandnessjoen,66.0217,12.6316,5.29,81,75,8.23,NO,1706556992
214,futtsu,35.3053,139.8186,6.06,62,100,3.67,JP,1706557248
215,khandyga,62.6667,135.6,-47.9,100,85,0.93,RU,1706557248
216,kerikeri,-35.2268,173.9474,19.39,87,3,0.89,NZ,1706556992
217,ballina,-28.8667,153.5667,24.88,92,99,2.91,AU,1706557249
218,anadyr,64.75,177.4833,-32.72,68,40,4.0,RU,1706557249
219,masterton,-40.9597,175.6575,18.82,71,48,2.83,NZ,1706557249
220,guerrero negro,27.9769,-114.0611,23.69,29,56,3.26,MX,1706557249
221,artesia,33.8658,-118.0831,28.04,33,0,2.57,US,1706557249
222,east london,-33.0153,27.9116,26.14,81,100,8.22,ZA,1706557249
223,namibe,-15.1961,12.1522,23.48,73,9,5.95,AO,1706557249
224,praia da vitoria,38.7333,-27.0667,16.53,88,20,4.95,PT,1706557250
225,konarka,19.9,86.1167,20.22,65,4,3.17,IN,1706557250
226,mahavelona,-17.6848,49.5087,23.99,87,26,4.53,MG,1706557250
227,motygino,58.1831,94.7592,-25.12,94,9,2.68,RU,1706557250
228,zhangjiakou shi xuanhua qu,40.6103,115.0447,-9.68,85,68,0.74,CN,1706557250
229,barvinkove,48.9097,37.0205,-0.35,82,60,2.57,UA,1706557250
230,los llanos de aridane,28.6585,-17.9182,18.96,41,19,3.58,ES,1706557250
231,hithadhoo,-0.6,73.0833,27.86,75,17,3.08,MV,1706557250
232,severnoye,56.3491,78.3619,-15.01,98,99,1.79,RU,1706557251
233,ponoka,52.6768,-113.5815,2.72,98,9,3.18,CA,1706557251
234,thompson,55.7435,-97.8558,-4.91,86,100,4.63,CA,1706556995
235,nosy varika,-20.5833,48.5333,23.57,88,47,3.47,MG,1706557251
236,paita,-5.0892,-81.1144,27.03,71,93,7.16,PE,1706556995
237,murun-kuren,49.6342,100.1625,-20.71,91,100,0.46,MN,1706556995
238,dashiqiao,40.6373,122.5025,-7.49,86,5,1.69,CN,1706557251
239,el granada,37.5027,-122.4694,23.1,70,0,3.6,US,1706557251
240,greymouth,-42.4667,171.2,16.25,60,7,1.82,NZ,1706557252
241,farasan,16.7022,42.1183,26.04,76,94,4.63,SA,1706557252
242,buraydah,26.326,43.975,18.25,46,58,3.07,SA,1706557252
243,biloela,-24.4167,150.5,25.71,93,100,2.1,AU,1706556996
244,atafu village,-8.5421,-172.5159,29.2,71,88,3.18,TK,1706557252
245,necochea,-38.5473,-58.7368,28.35,45,59,9.24,AR,1706557252
246,voghera,44.9947,9.0086,5.85,80,92,0.65,IT,1706557252
247,acapulco de juarez,16.8634,-99.8901,29.9,70,75,1.03,MX,1706557252
248,acarau,-2.8856,-40.12,28.92,72,90,8.85,BR,1706557121
249,hammerfest,70.6634,23.6821,2.25,69,40,25.21,NO,1706557253
250,nar'yan-mar,67.6713,53.087,-4.94,91,100,11.62,RU,1706557253
251,sai buri,6.7013,101.6168,24.29,86,72,4.17,TH,1706557253
252,san mariano,7.5,126.0,22.53,100,100,0.49,PH,1706557253
253,flying fish cove,-10.4217,105.6791,24.82,100,40,1.54,CX,1706557253
254,tanaina,61.6269,-149.4281,-13.62,83,100,2.06,US,1706557254
255,lagoa,39.05,-27.9833,16.02,87,0,10.26,PT,1706557254
256,yaren,-0.5472,166.916,29.16,67,98,8.03,NR,1706557254
257,saint-philippe,-21.3585,55.7679,24.77,86,49,3.28,RE,1706557254
258,panguipulli,-39.6333,-72.3333,28.66,18,28,2.34,CL,1706557254
259,luimneach,52.6647,-8.6231,2.97,91,6,2.64,IE,1706556999
260,shingu,33.7333,135.9833,3.63,64,48,2.49,JP,1706557254
261,dhidhdhoo,6.8833,73.1,27.57,66,6,3.78,MV,1706557254
262,luau,-10.7073,22.2247,18.85,96,100,1.44,AO,1706557255
263,caribou,46.8606,-68.012,-2.76,63,100,6.17,US,1706557255
264,luwuk,-0.9516,122.7875,25.52,82,67,1.64,ID,1706557255
265,port elizabeth,-33.918,25.5701,22.28,89,20,13.89,ZA,1706557255
266,happy valley-goose bay,53.3168,-60.3315,-18.83,38,0,2.06,CA,1706557255
267,bomdila,27.25,92.4,-0.79,84,76,2.97,IN,1706557255
268,nemuro,43.3236,145.575,-0.93,85,12,2.68,JP,1706557255
269,bredasdorp,-34.5322,20.0403,24.04,51,65,7.04,ZA,1706557256
270,euclides da cunha,-10.5075,-39.0158,29.78,49,100,2.19,BR,1706557057
271,guigang,23.0964,109.6092,10.86,95,95,1.6,CN,1706557256
272,longgang,37.6508,120.3286,0.03,80,4,3.81,CN,1706557256
273,hirara,24.8,125.2833,20.15,73,75,6.17,JP,1706557256
274,caleta de carquin,-11.0925,-77.6267,26.69,71,51,5.25,PE,1706557256
275,noumea,-22.2763,166.4572,26.67,99,45,0.55,NC,1706556655
276,weno,7.4515,151.8468,25.97,89,100,3.09,FM,1706557256
277,amahai,-3.3333,128.9167,26.29,80,99,1.8,ID,1706557257
278,olinda,-8.0089,-34.8553,29.85,70,40,5.14,BR,1706557257
279,kiunga,-6.1219,141.2906,23.54,99,100,0.98,PG,1706557257
280,kyzylorda,44.8528,65.5092,-3.99,86,100,5.0,KZ,1706557001
281,igarka,67.4667,86.5833,-22.49,84,90,4.33,RU,1706557257
282,fisterra,42.9049,-9.2629,14.86,81,41,4.46,ES,1706557257
283,portland,45.5234,-122.6762,16.78,73,75,2.24,US,1706556780
284,san julian,21.0167,-102.1667,20.94,22,97,2.73,MX,1706557257
285,ixtapa,20.7,-105.2,28.57,42,75,0.0,MX,1706557257
286,horodnya,51.8909,31.5974,-4.69,95,100,2.66,UA,1706557258
287,coswig,51.1333,13.5833,5.67,78,0,8.23,DE,1706557258
288,terrace,54.5163,-128.6035,9.95,87,100,5.66,CA,1706557141
289,helena valley west central,46.6629,-112.0604,11.7,69,0,0.45,US,1706557258
290,waslala,13.2333,-85.3833,30.46,40,9,4.02,NI,1706557258
291,nova sintra,14.8667,-24.7167,21.28,67,74,8.63,CV,1706557258
292,mahajanga,-15.7167,46.3167,28.01,78,20,3.6,MG,1706557258
293,colares,38.7992,-9.4469,15.98,92,40,2.24,PT,1706557003
294,polevskoy,56.4422,60.1878,-11.41,94,94,3.06,RU,1706557259
295,chenzhou,25.8,113.0333,9.69,97,66,0.61,CN,1706557003
296,beyneu,45.3167,55.2,-5.51,79,100,3.25,KZ,1706557259
297,wailua homesteads,22.0669,-159.378,23.44,85,40,7.2,US,1706557259
298,lompoc,34.6391,-120.4579,25.56,42,0,3.09,US,1706557259
299,namie,37.4833,141.0,2.21,67,0,2.64,JP,1706557259
300,alghero,40.5589,8.3181,7.05,100,75,1.03,IT,1706557259
301,constantia,44.1833,28.65,2.61,78,100,9.27,RO,1706557260
302,vorkuta,67.5,64.0,-17.01,94,65,4.16,RU,1706557260
303,altay,47.8667,88.1167,-14.24,66,61,2.72,CN,1706557260
304,santa maria del oro,25.9333,-105.3667,21.07,18,98,1.78,MX,1706557260
305,ar rass,25.8694,43.4973,17.24,34,88,3.18,SA,1706557260
306,oliver,49.1831,-119.5524,11.14,87,100,5.14,CA,1706557035
307,sa'dah,16.9402,43.7639,15.89,80,100,1.55,YE,1706557261
308,al-hamdaniya,36.2715,43.3737,7.53,73,98,2.94,IQ,1706557261
309,colonia,50.9333,6.95,11.01,81,0,3.09,DE,1706557023
310,valenca do piaui,-6.4075,-41.7456,29.44,65,44,2.81,BR,1706557261
311,tangzhai,34.4328,116.5911,1.91,78,100,3.46,CN,1706557006
312,kalmunai,7.4167,81.8167,25.2,87,85,3.19,LK,1706557261
313,darwin,-12.4611,130.8418,26.99,93,75,3.6,AU,1706556751
314,dzilam gonzalez,21.2833,-88.9333,22.69,53,100,3.81,MX,1706557262
315,tapes,-30.6733,-51.3958,24.74,76,54,3.67,BR,1706557006
316,gondar,12.6,37.4667,15.92,51,100,1.56,ET,1706557262
317,abra pampa,-22.7205,-65.697,14.03,51,53,6.92,AR,1706557007
318,ghat,24.9647,10.1728,14.28,44,3,3.16,LY,1706557263
319,vernon,50.2581,-119.2691,7.94,93,100,1.54,CA,1706557087
320,antofagasta,-23.65,-70.4,23.6,72,24,3.99,CL,1706556964
321,ilha de mocambique,-15.0342,40.7358,27.46,72,91,2.75,MZ,1706557007
322,moab,38.5733,-109.5498,11.94,50,0,1.49,US,1706557263
323,pokhara,28.2333,83.9833,9.67,41,12,2.46,NP,1706557151
324,suining,30.508,105.5733,7.63,66,35,1.76,CN,1706557008
325,lazaro cardenas,17.9583,-102.2,28.62,59,100,2.84,MX,1706556982
326,baker city,44.7749,-117.8344,10.84,62,0,4.63,US,1706557127
327,camamu,-13.9447,-39.1039,28.44,71,67,3.82,BR,1706557264
328,gunjur,13.2019,-16.7339,31.04,23,100,0.0,GM,1706557264
329,yen vinh,18.6667,105.6667,16.05,88,96,0.69,VN,1706557265
330,sidney,-33.8679,151.2073,24.63,90,75,3.6,AU,1706557190
331,deltebre,40.7499,0.7868,13.9,75,100,2.63,ES,1706557265
332,aripuana,-9.1667,-60.6333,30.09,67,91,1.13,BR,1706557265
333,neiafu,-18.65,-173.9833,27.38,89,75,3.6,TO,1706557009
334,awjilah,29.1081,21.2869,12.4,45,6,3.61,LY,1706557266
335,loen,7.7601,168.2307,26.85,75,100,6.98,MH,1706557009
336,san patricio,28.017,-97.5169,21.97,39,27,1.76,US,1706557010
337,susuman,62.7833,148.1667,-33.9,94,100,0.45,RU,1706557266
338,chu,43.5983,73.7614,-0.15,98,100,3.09,KZ,1706557266
339,olyokminsk,60.3736,120.4264,-35.12,100,94,0.88,RU,1706557266
340,turan,16.0678,108.2208,18.99,94,40,0.51,VN,1706557267
341,la ronge,55.1001,-105.2842,4.14,56,20,3.09,CA,1706557267
342,bambari,5.768,20.6757,29.03,24,80,0.98,CF,1706557267
343,newman,37.3138,-121.0208,19.58,78,0,2.24,US,1706557010
344,karratha,-20.7377,116.8463,26.24,73,59,5.89,AU,1706557267
345,ampanihy,-24.7,44.75,21.62,80,4,6.28,MG,1706557267
346,novo aripuana,-5.1206,-60.3797,28.14,71,100,1.65,BR,1706557011
347,papao,-17.75,-149.55,29.82,76,97,0.96,PF,1706557268
348,sault ste. marie,46.5168,-84.3333,2.31,80,100,3.09,CA,1706557001
349,mo i rana,66.3128,14.1428,1.85,93,100,3.6,NO,1706557011
350,mahina,-17.5065,-149.489,29.87,79,75,1.54,PF,1706557268
351,santa cruz de bezana,43.4437,-3.9032,16.48,70,0,3.13,ES,1706557268
352,kara-balta,42.8142,73.8481,0.52,99,100,0.2,KG,1706557268
353,dois vizinhos,-25.7336,-53.0572,29.94,37,23,0.29,BR,1706557268
354,pimentel,-6.8367,-79.9342,30.16,54,75,6.69,PE,1706557269
355,gandajika,-6.75,23.95,20.52,95,100,0.94,CD,1706557012
356,egilsstadir,65.2653,-14.3948,4.95,70,40,8.23,IS,1706557269
357,chinde,26.8418,88.0763,7.01,63,2,2.12,NP,1706557012
358,arizona city,32.7559,-111.671,23.66,31,72,0.62,US,1706557269
359,ulsteinvik,62.3432,5.8487,6.28,76,12,6.71,NO,1706557270
360,san luis de la loma,17.2706,-100.8939,29.95,57,100,3.79,MX,1706557270
361,malabar,-33.9667,151.25,24.86,88,75,3.6,AU,1706557270
362,pikeville,37.4793,-82.5188,6.28,81,100,1.54,US,1706557013
363,zuwarah,32.9312,12.082,14.99,63,4,5.36,LY,1706557270
364,champerico,14.3,-91.9167,35.3,62,2,4.89,GT,1706557013
365,kharagpur,22.3333,87.3333,16.95,61,0,2.54,IN,1706557014
366,khandud,36.9513,72.318,-10.49,81,85,0.12,AF,1706557271
367,mersa matruh,31.3525,27.2453,13.11,54,40,7.72,EG,1706557014
368,forquilhinha,-28.7475,-49.4722,23.97,92,92,0.58,BR,1706557228
369,vecumnieki,56.6064,24.5222,2.03,82,100,3.81,LV,1706557271
370,anar darah,32.7587,61.654,10.79,42,7,2.88,AF,1706557271
371,fale old settlement,-9.3852,-171.2468,29.17,72,93,2.27,TK,1706557272
372,howard springs,-12.497,131.047,26.95,91,100,4.28,AU,1706557272
373,strakonice,49.2614,13.9024,1.57,75,89,1.3,CZ,1706557272
374,amble,55.3333,-1.5833,6.08,93,75,6.17,GB,1706557015
375,crane,31.3974,-102.3501,17.75,30,97,3.93,US,1706557015
376,arkhangel'sk,64.5401,40.5433,2.06,86,40,7.0,RU,1706557015
377,puerto baquerizo moreno,-0.9,-89.6,29.55,74,20,8.23,EC,1706557272
378,suva,-18.1416,178.4415,24.71,94,75,2.06,FJ,1706557015
379,saipan,15.1355,145.701,24.39,73,75,5.66,MP,1706557273
380,salavan,15.7167,106.4167,18.09,90,40,1.15,LA,1706557273
381,moree,-29.4667,149.85,24.21,88,42,2.63,AU,1706557273
382,kontcha,7.9667,12.2333,23.96,20,6,0.73,CM,1706557273
383,fereydun kenar,36.6864,52.5225,9.41,74,87,5.25,IR,1706557273
384,brookings,44.3114,-96.7984,7.43,75,0,6.17,US,1706557016
385,sampaloc,14.5402,121.3602,22.47,80,94,5.53,PH,1706557016
386,graneros,-34.0667,-70.7333,32.1,37,0,5.14,CL,1706557274
387,yanchep,-31.55,115.6833,21.07,50,0,5.69,AU,1706557274
388,taltal,-25.4,-70.4833,22.91,68,22,3.11,CL,1706556718
389,cockburn town,21.4612,-71.1419,25.68,75,0,6.15,TC,1706557012
390,constitucion,-35.3333,-72.4167,20.79,57,13,5.37,CL,1706557274
391,las heras,-46.5419,-68.9359,25.79,16,11,1.86,AR,1706557236
392,port moresby,-9.4431,147.1797,26.33,79,99,1.34,PG,1706557275
393,broome,42.2506,-75.833,0.39,90,100,6.69,US,1706557275
394,raduzhnyy,62.0961,77.475,-23.65,100,100,2.76,RU,1706557275
395,sayansk,54.1088,102.1648,-34.1,100,32,1.26,RU,1706557276
396,chui,-33.6971,-53.4616,24.26,57,50,4.53,UY,1706557211
397,gulf shores,30.246,-87.7008,16.3,50,0,3.6,US,1706557276
398,salinas,36.6777,-121.6555,23.88,58,0,5.66,US,1706557276
399,powell river,49.8496,-124.5361,11.8,100,100,2.06,CA,1706557018
400,labytnangi,66.6572,66.4183,-25.93,100,99,1.29,RU,1706557276
401,korocha,50.8107,37.1953,-2.6,97,93,2.36,RU,1706557277
402,nefta,33.8731,7.8777,16.14,55,0,1.02,TN,1706557277
403,green cove springs,29.9919,-81.6781,18.34,52,0,1.79,US,1706557014
404,cochirleanca,45.2167,27.0333,-0.56,76,33,4.08,RO,1706557277
405,nieuw amsterdam,5.8833,-55.0833,29.09,78,40,3.09,SR,1706557277
406,oyama,36.3,139.8,6.44,59,72,1.79,JP,1706557278
407,san felice circeo,41.2372,13.0942,9.21,72,0,2.27,IT,1706557278
408,mpanda,-6.3655,31.0409,19.3,95,100,1.16,TZ,1706557019
409,smirnovo,54.5125,69.4222,-16.45,98,95,3.15,KZ,1706557019
410,meadow lakes,61.6247,-149.6011,-13.38,85,100,2.06,US,1706557278
411,satkania,22.0796,92.0572,11.72,60,0,2.18,BD,1706557279
412,st. john's,47.5649,-52.7093,-1.79,95,100,4.47,CA,1706556987
413,tovarkovo,54.6762,35.9386,-2.08,93,100,4.98,RU,1706557279
414,atar,20.5169,-13.0499,21.51,11,0,3.82,MR,1706557020
415,villa ojo de agua,-29.5,-63.6938,34.35,24,0,3.78,AR,1706557279
416,carolina beach,34.0352,-77.8936,15.61,50,87,5.4,US,1706557279
417,codrington,-38.2667,141.9667,12.0,89,0,2.92,AU,1706557280
418,suntar,62.1444,117.6319,-40.85,100,77,1.42,RU,1706557280
419,porto novo,6.4965,2.6036,28.9,72,1,2.76,BJ,1706557280
420,bel ombre,-4.6167,55.4167,27.91,78,20,1.03,SC,1706557280
421,mahanoro,-19.9,48.8,23.95,87,33,3.66,MG,1706557280
422,usinsk,65.9939,57.5281,-12.18,94,100,8.05,RU,1706557281
423,mount pearl,47.5166,-52.7813,-2.25,95,100,3.6,CA,1706557281
424,ierapetra,35.01,25.7353,8.41,66,42,4.47,GR,1706557281
425,buncrana,55.1333,-7.45,3.87,76,31,1.89,IE,1706557281
426,tolanaro,-25.0319,46.9987,24.04,83,75,5.14,MG,1706557022
427,dombasle-sur-meurthe,48.6252,6.3497,11.38,87,0,0.0,FR,1706557282
428,sao joao da barra,-21.6403,-41.0511,29.05,92,74,2.69,BR,1706557282
429,kimbe,-5.5502,150.1429,24.62,94,100,0.89,PG,1706557282
430,maintirano,-18.0667,44.0167,26.07,67,0,2.07,MG,1706557282
431,mankono,8.0586,-6.1897,28.51,15,76,1.37,CI,1706557283
432,las tablas,7.7667,-80.2833,33.99,99,100,6.78,PA,1706557283
433,port-gentil,-0.7193,8.7815,28.98,84,20,3.6,GA,1706557283
434,donggongon,5.907,116.1015,25.96,78,20,3.6,MY,1706557284
435,sao tome,0.3365,6.7273,27.4,80,94,2.15,ST,1706557284
436,batticaloa,7.7102,81.6924,25.7,84,62,3.71,LK,1706557024
437,malvan,16.0667,73.4667,23.56,58,93,3.62,IN,1706557024
438,arauca,7.0847,-70.7591,34.98,34,20,2.06,CO,1706557285
439,hadibu,12.65,54.0333,23.71,72,64,3.29,YE,1706557286
440,shangrao,28.4532,117.9686,7.31,98,100,1.06,CN,1706557286
441,mugumu,-1.85,34.7,16.64,92,48,0.33,TZ,1706557287
442,rolla,37.9514,-91.7713,14.08,44,0,4.12,US,1706557120
443,soe,-9.8607,124.284,19.21,93,100,1.32,ID,1706557287
444,impfondo,1.6381,18.0667,26.05,36,75,1.04,CG,1706557288
445,port douglas,-16.4833,145.4667,27.64,86,72,2.7,AU,1706557026
446,bowen,-20.0167,148.2333,28.04,86,100,2.22,AU,1706557026
447,masjed soleyman,31.9364,49.3039,12.91,58,57,0.43,IR,1706557288
448,funafuti,-8.5243,179.1942,29.0,89,100,7.72,TV,1706557288
449,narvik,68.4384,17.4272,1.67,98,100,18.12,NO,1706557289
450,cantaura,9.3057,-64.3584,34.88,28,6,3.01,VE,1706557289
451,tocache,-8.1842,-76.5125,31.64,59,100,0.46,PE,1706557027
452,broken hill,-31.95,141.4333,22.82,38,5,5.99,AU,1706557289
453,polyarnyy,69.1989,33.4478,0.88,66,100,15.61,RU,1706557289
454,gangtok,27.3333,88.6167,4.97,74,94,2.23,IN,1706557289
455,al fuwayliq,26.4432,43.2534,15.1,48,72,2.82,SA,1706557029
456,muang phonsavan,19.45,103.2167,11.78,99,38,0.83,LA,1706557290
457,indramayu,-6.3264,108.32,25.56,90,100,4.32,ID,1706557029
458,kani keli,-12.9536,45.1033,27.59,68,51,1.64,YT,1706557290
459,dunedin,-45.8742,170.5036,18.22,63,49,1.34,NZ,1706557030
460,jawf al maqbabah,13.8378,45.8349,21.38,81,100,0.96,YE,1706557291
461,kingscliff,-28.2667,153.5667,25.96,100,75,2.57,AU,1706557291
462,negara,-8.3151,114.6025,24.67,90,100,0.42,ID,1706557291
463,fernie,49.5,-115.0687,12.05,100,100,1.72,CA,1706557158
464,oakdale,44.963,-92.9649,9.01,72,0,3.6,US,1706557285
465,myeik,12.4333,98.6,24.37,82,46,1.37,MM,1706557291
466,vilyuchinsk,52.9306,158.4028,-14.48,88,89,3.65,RU,1706557291
467,viedma,-40.8135,-62.9967,29.75,40,0,6.03,AR,1706557292
468,piranhas,-16.4269,-51.8222,30.15,50,82,2.53,BR,1706557292
469,yanacancha,-10.2411,-76.6456,13.51,59,100,3.55,PE,1706557032
470,le port,-20.9373,55.2919,25.98,85,29,1.05,RE,1706557292
471,tangalle,6.024,80.7911,24.25,88,97,4.34,LK,1706557292
472,lewistown,40.5992,-77.5714,4.67,81,100,3.09,US,1706557292
473,sheridan,44.8333,-106.9173,15.73,42,0,5.14,US,1706557292
474,ceerigaabo,10.6162,47.368,17.12,74,64,0.29,SO,1706557033
475,aghsu,40.5703,48.4009,2.27,93,100,1.27,AZ,1706557033
476,ternate,0.8,127.4,26.66,86,83,3.44,ID,1706557033
477,dhuusamarreeb,5.535,46.3861,25.95,67,38,7.0,SO,1706557293
478,velikiy ustyug,60.7644,46.3106,0.22,93,100,4.47,RU,1706557293
479,mil'kovo,55.6078,37.7956,-2.0,93,100,5.78,RU,1706557293
480,sitangkai,4.6628,119.3928,27.39,78,97,6.79,PH,1706557293
481,onega,63.9061,38.1404,1.16,87,100,7.27,RU,1706557294
482,dem'yanovo,60.3511,47.0842,-0.99,95,100,4.22,RU,1706557294
483,motueka,-41.1333,173.0167,18.96,46,0,1.14,NZ,1706557294
484,tqvarch'eli,42.8404,41.6801,0.41,85,75,2.47,GE,1706557294
485,labrador city,52.9463,-66.9114,-24.05,53,0,2.06,CA,1706557210
486,al kharj,24.155,47.3346,20.32,44,100,5.41,SA,1706557295
487,timimoun,29.2639,0.231,19.21,24,0,6.17,DZ,1706557295
488,berezovyy,51.6667,135.7,-20.41,98,87,1.48,RU,1706557295
489,kuta,-8.7233,115.1723,26.97,88,20,0.51,ID,1706557296
490,callao,-12.0667,-77.15,28.16,65,0,6.17,PE,1706557036
491,maxixe,-23.8597,35.3472,24.9,94,20,2.06,MZ,1706557297
492,bida,9.0833,6.0167,29.63,19,0,1.76,NG,1706557297
493,geraldton,-28.7667,114.6,19.23,82,0,4.63,AU,1706557298
494,vozhega,60.4725,40.2213,0.09,85,100,5.4,RU,1706557298
495,vilyuysk,63.7553,121.6247,-35.0,97,81,2.24,RU,1706557298
496,pandan,14.0453,124.1694,25.12,74,100,7.22,PH,1706557298
497,illizi,26.4833,8.4667,15.89,44,2,5.02,DZ,1706557299
498,vilhena,-12.7406,-60.1458,30.12,58,40,4.12,BR,1706557299
499,hami,42.8,93.45,-7.38,60,57,1.63,CN,1706557299
500,houmt el souk,33.8758,10.8575,13.97,77,20,2.06,TN,1706557299
501,daru,-9.0763,143.2092,25.72,90,100,3.6,PG,1706557299
502,locharbriggs,55.1034,-3.5844,3.31,97,100,5.3,GB,1706557300
503,nuku'alofa,-21.1333,-175.2,26.19,83,40,2.57,TO,1706557038
504,tsarevo,42.1667,27.85,2.56,91,100,10.28,BG,1706557300
505,klyuchi,52.2667,79.1667,-18.44,97,73,2.81,RU,1706557038
506,chulakkurgan,43.765,69.1814,-0.73,92,100,6.15,KZ,1706557300
507,tazovsky,67.4667,78.7,-22.69,91,67,4.42,RU,1706557300
508,muleba,-1.8397,31.6544,21.81,76,100,2.89,TZ,1706557300
509,ninghai,29.2892,121.4247,8.73,98,100,0.17,CN,1706557039
510,la punta,-33.1837,-66.3127,34.98,23,33,1.56,AR,1706557301
511,howrah,22.5892,88.3103,16.0,82,0,0.0,IN,1706557040
512,graaff-reinet,-32.2522,24.5308,27.21,13,9,3.33,ZA,1706557040
513,samana,19.2056,-69.3369,29.12,74,20,2.06,DO,1706557301
514,guiyang,26.5833,106.7167,6.27,93,100,1.0,CN,1706557301
515,kapshagay,43.8833,77.0833,-4.58,94,100,1.75,KZ,1706557040
516,saurimo,-9.6608,20.3916,19.16,89,99,0.91,AO,1706557301
517,kiama,-34.6833,150.8667,23.33,90,90,2.68,AU,1706557302
518,antsiranana,-12.2787,49.2917,24.81,84,63,3.72,MG,1706557302
519,fukuecho,32.6881,128.8419,8.93,61,98,2.45,JP,1706557302
520,chittarkonda,18.1167,82.0833,16.28,79,6,1.29,IN,1706557041
521,murzuq,25.9155,13.9184,12.22,49,0,5.57,LY,1706557302
522,long beach,33.767,-118.1892,27.69,32,0,2.06,US,1706556959
523,del rio,29.3627,-100.8968,21.18,27,0,5.66,US,1706557303
524,mangai,-4.05,19.5333,22.88,94,100,0.82,CD,1706557303
525,ola,59.5833,151.2833,-20.77,81,89,3.87,RU,1706557303
526,kharp,66.8014,65.8081,-22.99,100,98,0.96,RU,1706557303
527,ostersund,63.1792,14.6357,1.25,60,48,5.66,SE,1706557303
528,sampit,-2.5333,112.95,23.51,97,95,0.17,ID,1706557303
529,balaipungut,1.05,101.2833,22.82,97,17,1.34,ID,1706557304
530,durgapur,23.4833,87.3167,16.17,47,0,0.64,IN,1706557304
531,terrasson-lavilledieu,45.1301,1.3014,12.42,90,100,2.01,FR,1706557304
532,vangaindrano,-23.35,47.6,23.16,84,100,2.41,MG,1706557304
533,thunder bay,48.4001,-89.3168,-1.01,93,100,2.57,CA,1706557112
534,sao jose da coroa grande,-8.8978,-35.1478,28.17,70,17,4.49,BR,1706557304
535,kone,-21.0595,164.8658,25.27,78,87,0.35,NC,1706557305
536,kalynivka,49.4539,28.5261,-4.79,92,35,1.34,UA,1706557305
537,luanda,-8.8368,13.2343,28.0,83,20,3.6,AO,1706557154
538,madinat ash shamal,26.1293,51.2009,19.43,63,100,4.98,QA,1706557305
539,prince rupert,54.3161,-130.3201,10.05,81,100,17.49,CA,1706557305
540,lulea,65.5842,22.1547,3.04,60,0,6.17,SE,1706557306
541,sale,34.0389,-6.8166,18.13,82,40,0.0,MA,1706557044
542,lorengau,-2.0226,147.2712,27.94,80,100,4.91,PG,1706557306
543,podoleni,46.8,26.6167,-2.43,88,50,1.15,RO,1706557306
544,rongelap,11.1635,166.8941,26.35,76,94,5.91,MH,1706557306
545,tarrafal de sao nicolau,16.5667,-24.3667,23.3,72,93,5.41,CV,1706557306
546,vorozhba,51.1733,34.2192,-9.09,98,97,2.12,UA,1706557307
547,vershino-darasunskiy,52.35,115.5167,-32.19,99,16,1.38,RU,1706557307
548,ancud,-41.8697,-73.8203,17.06,58,98,2.7,CL,1706557307
549,saint-raphael,19.4333,-72.2,28.99,41,4,3.88,HT,1706557307
550,kuanda,56.3161,116.0806,-36.84,96,72,0.37,RU,1706557307
551,fort mcmurray,56.7268,-111.381,2.77,80,0,1.54,CA,1706557307
552,kangding,30.0513,101.9603,-0.23,56,34,3.37,CN,1706557308
553,phan rang-thap cham,11.5667,108.9833,20.21,88,79,3.07,VN,1706557308
554,tibanbang,6.6315,126.1055,25.16,89,100,3.06,PH,1706557308
555,trail,49.0998,-117.7022,11.65,100,100,0.33,CA,1706557308
556,rasht,37.2808,49.5832,6.9,100,100,3.09,IR,1706557308
557,bikenibeu village,1.3673,173.1241,26.98,89,75,1.54,KI,1706557308
558,tacuarembo,-31.7333,-55.9833,30.11,44,23,0.98,UY,1706557286
559,laguna,38.421,-121.4238,22.58,68,0,1.54,US,1706557309
560,nicoya,10.1483,-85.452,33.8,42,60,7.05,CR,1706557309
561,revelstoke,50.9832,-118.2023,2.01,93,100,1.54,CA,1706557309
562,lucapa,-8.4192,20.7447,19.86,97,83,0.83,AO,1706557309
563,miyaly,48.8844,53.7836,-12.87,84,59,2.64,KZ,1706557048
564,pahasu,28.1833,78.05,12.36,68,30,1.28,IN,1706557048
565,argo,37.6333,22.7333,5.33,82,85,3.1,GR,1706557310
566,pangai,-19.8,-174.35,28.06,74,75,3.6,TO,1706557310
567,floro,61.5996,5.0328,5.98,87,75,5.14,NO,1706557310
568,mugia,43.1041,-9.2179,14.95,84,67,2.91,ES,1706557310
569,bhimunipatnam,17.8833,83.4333,20.73,71,8,0.78,IN,1706557311
570,batouri,4.4333,14.3667,26.52,25,27,0.7,CM,1706557311
571,christchurch,-43.5333,172.6333,18.56,84,32,2.06,NZ,1706557208
572,puerto el triunfo,13.2833,-88.55,38.48,51,98,2.13,SV,1706557311
573,bychawa,51.0161,22.533,0.29,81,67,4.38,PL,1706557311
574,menominee,45.1078,-87.6143,1.25,86,100,5.66,US,1706557311
575,sur,22.5667,59.5289,23.7,73,100,1.12,OM,1706557312
576,taoudenni,22.6783,-3.9836,22.4,11,0,4.74,ML,1706557312
577,al jawf,29.5,38.75,10.9,48,2,1.85,SA,1706557312
